survey_year,formal_access_pct,formal_access_overall_pct,informal_only_pct,mobile_money_pct,excluded_pct,context_note,banked_pct,sacco_pct,mfi_pct,insurance_pct
2006,0.267,0.321,0.05400000000000001,0.073,0.675,Pre-M-Pesa era,0.14,0.018,0.005,0.002
2009,0.404,0.413,0.046,0.14,0.541,M-Pesa early adoption,0.226,0.04099999999999999,0.015,0.008
2013,0.667,0.753,0.078,0.153,0.17,Mobile money expansion,0.42,0.09,0.04,0.03
2016,0.753,0.753,0.047,0.147,0.174,Digital services growth,0.54,0.14,0.055,0.05
2019,0.8290000000000001,0.83,0.04,0.12,0.09,Agency banking maturity,0.63,0.16,0.05,0.07
2021,0.8370000000000001,0.8370000000000001,0.047,0.115,0.099,Post-COVID digital surge,0.63,0.17,0.045,0.09
2024,0.848,0.848,0.052,0.099,0.099,Record high inclusion,0.65,0.18,0.04,0.12
